,leftWES,leftESH,leftSHK,leftHKA,rightWES,rightESH,rightSHK,rightHKA
0,173.78298551036198,22.80026031175686,168.7053943041331,158.59256027123914,174.61462906293517,16.650471137799798,159.85660158962105,161.29105342389843
1,175.21283862699102,9.101562390323352,168.5823449311225,159.1280534953758,170.16977870410147,25.332516563200613,160.36634004688383,163.37723927265628
2,173.21387907637796,5.742666832641191,167.5127874638128,155.28735189629433,171.09333317140766,24.22233731079382,161.5963107142893,162.60008556804337
3,173.79902606470372,5.77847107943137,166.53726612848808,153.95530113671975,171.16378689000823,25.17606680681706,159.31670624299406,160.10235720188058
4,176.8188615413095,7.920274805609893,166.9937339100668,155.6799112048291,171.57229825766174,24.84138355184109,159.3514823396147,159.96646477781647
5,177.32663861543705,8.890485806615175,166.74988330516211,157.13829695554892,171.50237826420758,24.826164230096026,158.6166987736366,159.4834746736515
6,176.77227191563176,9.889170530335775,166.37666917444096,158.7711039058612,169.34622175594131,25.86473648363892,158.01732197103817,159.03584913931235
7,175.54535144386358,14.280270547067175,165.79267245143657,158.0752176120612,170.868647709678,25.34704329716834,157.4933334930783,158.68949287634624
8,178.96577409581298,14.814758781703404,165.8001867047203,158.47589725627986,170.4485713130862,25.364815533423666,158.07323948917573,159.2429562934626
9,174.07531010016643,14.288426121549207,165.36989202550282,159.13541644302964,169.63927664191567,25.489265691332434,159.06020066859807,162.15507077275717
10,176.55455241424244,9.940931832781018,165.23720035657777,159.4382989983188,168.60910485957336,26.19577882864195,159.77287238808862,163.61395529034652
11,174.65366224010887,8.891738910116203,164.51965298119393,157.40211225310102,169.8310628060349,25.742640125099513,159.3345257011838,161.44625249263296
12,178.71793208312945,11.752165657674993,164.36498639885463,157.57476826935385,170.00512940137162,25.67598606192314,158.95443335272014,161.11526033654408
13,174.0047751954593,7.871658829007174,163.98429228502857,157.14805596371252,169.5887153921468,25.765865075741942,159.5635416992701,160.08340907547435
14,179.18142301568437,10.499853039745574,164.05792940052476,156.3490064374118,169.17431592623834,25.883701144222755,159.158724440132,159.88477075028186
15,179.49393071275037,10.519909607990144,164.07546004550483,157.10195113072203,168.35498465923828,26.703249784817217,158.31723070278514,159.4862403599996
16,179.100159751258,11.368948646275328,163.9953370013619,155.42960875749807,168.22265535212466,26.638515231886913,159.7419720743965,159.7272548957039
17,179.9142471425411,10.358210150982131,163.67750686916946,155.65994291946205,169.90730060331336,25.748425038255107,159.33919079834226,159.423993217201
18,174.79484793636968,7.310532782198322,164.1102228030204,156.84345250481059,170.26731344770303,25.464161466355165,158.79432464994474,158.3882992750426
19,171.33010764968216,4.363421176075073,162.99219230998236,155.23495753474012,172.22753583918993,24.17185948175745,159.0990025944707,158.71871745142604
20,175.97940371113535,6.778738929101564,163.11457948988354,155.55451374249608,170.0577257861137,25.720023220813403,159.2359097277677,158.80093754157676
21,172.318716271536,5.837377875731207,163.76642513874967,154.3939278575848,170.31838954552148,25.415859689810816,159.67266158175462,159.57624315004065
22,173.3206486719637,5.776812637905721,164.46077314631367,154.6788622231732,170.8255400960831,25.22976494032929,159.8530606680455,159.39656607842335
23,177.22823450863854,7.669785621039011,164.84135415753917,155.36738025698057,170.58310659882375,25.76392063727843,158.8215687388755,159.37742296592486
24,176.92653955435986,8.05450028203353,164.86550340988788,155.1453406012223,171.41816446412923,25.26318230477898,158.88061053247233,159.58113604588522
25,177.3915442334716,9.292897947613255,165.4082828274877,154.37097063073625,170.66516137404034,25.577567281199435,159.22385603386877,159.84160876775758
26,175.41215859527966,8.312836426785395,165.69594080927624,153.58895912975612,171.7997456640907,24.70332113530685,159.90559633727543,158.50457964672023
27,174.65430730927375,8.397752790502977,164.76082538846237,155.02297649468798,172.1536324462857,24.421666796989314,160.5574400837707,159.38407666591877
28,174.16171559224802,8.010429534173966,163.96021509657248,152.81174228222736,171.639865206776,24.7854474393817,159.6340479898695,158.39954238545735
29,159.21999954755051,8.607204831138915,163.50924344119545,151.1635268039223,170.37809064811287,25.482849012471775,158.84914140406914,157.0159344779354
30,175.755936597639,9.36059618735976,163.13098069935478,151.79522615675512,169.09850724398962,26.41136817301657,158.43547813121467,157.2892889032231
31,160.01605758152758,9.28013519357728,163.3718421991961,151.40418269494057,168.91898447044025,26.473385791008184,158.10199779177472,157.7457892551846
32,159.68834916588773,8.818973812374225,163.64065314282496,150.66249190218252,169.48071544862003,25.985620285343145,158.0321092599042,157.97472207323042
33,158.23213418879288,8.936317517929865,164.26991989681346,150.96107039612488,169.853031082547,25.751326311775586,158.22911313480583,158.3925018701364
34,159.64923513352315,8.586981496722501,163.38828526870503,150.60250259286073,170.20647097181237,25.165325915614574,158.69952998814,158.9358624986126
35,159.15273187417264,8.415294301860229,163.6705659479382,150.17782745970965,170.00630405643696,25.35516418417967,158.6684692112805,157.94963267476874
36,159.82680912323664,8.832116543277266,164.44644210894836,150.41465374263737,171.19802705003178,24.77434118111836,159.11953776262038,158.81642622162707
37,160.08590410371787,9.243105369123327,163.47684255029233,149.75653621037497,169.98772360284363,25.577737528781654,157.92246104740693,157.73476573502404
38,158.5542568623311,8.456577308967269,163.28464064457953,152.4658421276887,170.6604325498626,25.145469460832544,158.57880320025126,159.92788392808086
39,174.58964203109,8.280662006410296,163.69460744176118,151.60363448933188,169.94495485414026,25.21097726344999,159.82225773262164,159.70270162938365
40,175.16332210821807,8.258106164295498,164.08368365137665,152.96545252634274,168.94589191461012,25.546013641116815,160.31093393899604,160.48805330590085
41,156.37886015133898,8.160810771280353,165.19598821226543,154.28739985508747,174.4281208728071,22.977553667683708,160.317568097814,161.0008705698012
42,173.41657480466762,8.051656555396278,165.09152275163723,154.83826041558055,176.54441506249006,22.15395771538863,159.81362764233407,161.1413694911214
43,173.57841946399654,7.331085618189036,166.6620799534124,155.33729865025228,176.59765419924233,18.69633159183377,161.77980182930676,162.74633252936252
44,178.97343469003235,7.965738388363604,170.34599328622605,160.2614159536507,167.7463791269936,13.538051551147873,163.3106696411988,164.0764506846661
45,173.67761612290863,5.407313280525955,168.56317034893388,155.16614765904134,161.07389615466437,10.476924195501404,161.32572092043108,160.4666439939478
46,163.00700842738104,0.5829307505429147,167.74904527066587,155.79593072795782,143.74480928716932,0.30372042447808334,160.94895136621616,155.6550917543353
47,159.35151505616625,3.394234157229389,166.9882132387691,159.50190461491152,135.22585643186045,5.149161526489634,155.8186910100957,154.67676900509775
48,124.99698765573443,17.539671017261302,165.3364762970518,154.25851528941115,109.53338160565617,12.964219590443387,151.1719516635266,150.42365217387447
49,102.67310103054696,45.31016071374428,167.51643535453886,157.02989650080085,73.347289444203,43.24013595228462,157.07859992413066,153.56707948569775
50,86.32022375318567,54.06474577056446,171.71284721169343,159.43708861798694,62.620584741939,49.788694898031785,157.3640706244193,154.13746449544936
51,73.98238033971764,55.88800963735491,172.20311287753853,155.48658999024607,57.014266342471615,54.927972366615094,159.23025940391983,151.66531215557433
52,68.93873113962175,59.417283836357285,173.46669041071704,158.67472628296835,52.42040851818833,54.697376437773926,159.72198091374688,156.4954239729596
53,60.14440852883003,61.73909902268531,173.94955719277903,155.91951557433305,48.321619910615404,58.88909540957729,164.5985145324159,157.6613652683709
54,61.497982110586946,61.23418947662401,172.44898821244627,157.34076138600952,50.52563662113099,59.86734395617137,164.36354977738705,156.35010254637908
55,54.061347967869075,62.34125029351435,174.3563962147159,157.3155090225789,48.24462633226128,59.643911417487004,167.48368732081192,157.00391056645972
56,47.13123977220942,62.51869271711166,179.95006278267533,151.77111501367526,44.59549008018303,56.97275862878723,170.84102317167208,156.47190185344684
57,34.26630485717691,61.428125372650186,178.1774000744094,147.03409725113306,43.935754283964684,52.87926553341168,175.20851158871872,161.56712813343378
58,36.607164168548884,59.000056289472695,179.00668342197852,151.92450823693338,42.98300995545427,49.368873076095554,171.8971759338948,160.29572578800415
59,39.08977189451488,54.18688439659445,179.66829481721385,150.59085699458294,45.724816344611526,46.50752392196739,174.62909401219957,158.72937636254656
60,41.80288864838637,53.24784058079189,179.8911148934351,147.80679665823274,48.420141482287214,46.056697540539346,177.33150944428266,158.16189736254483
61,46.57347804174422,49.916459947885414,179.9335788806081,151.72072618652285,53.280981924657425,39.54029542271519,176.3717752049655,157.37082633799525
62,48.42026045406856,46.523357878026786,179.02630787845027,152.81214300993727,53.69379940784629,36.11377956283843,177.61347985586073,160.12145818875823
63,50.76860491681162,44.09811640358936,174.69070345785866,154.78661707467717,57.05556787202539,33.803262690754934,179.32675132714778,160.02750492469227
64,55.00667344841079,44.307932419150404,176.82954659336744,149.62121201439683,60.181950260777505,31.63664859360057,178.8697998546046,154.07874803467118
65,58.19608936087689,40.14995448505846,177.22666526261597,149.1568927829394,59.81440623693935,33.14966659718283,178.43116764281217,157.72636048309727
66,58.19722195343287,39.62921263057018,175.85340232689114,150.44936610936205,57.887547870783806,35.39416938474869,177.95342553710515,156.47074931644428
67,63.491784234182866,36.3064913387322,173.85468302857896,149.62454945645365,59.78209842846745,36.134313853487015,176.04201112480658,154.93439975824256
68,63.294548226311065,37.238793404832734,173.7608150606272,152.17889104696675,70.67190459057645,24.468528034353596,176.53020288086805,153.72884298547848
69,68.51295546907777,33.22008830377092,174.27791589642624,154.97752872625466,83.15999926527834,15.354202244031327,173.62229357849841,153.49243719789197
70,67.85154586882625,27.306110435232995,173.71173869110223,154.89192301940417,95.26073147217335,14.60215122340729,172.72016276805985,155.06499184796553
71,70.53450232306682,27.902204051533204,171.88016123075755,146.6727695749691,97.49160667926293,9.081775508092202,173.87911303188957,149.83136019259177
72,80.18089221509427,20.444298020771868,169.60946426719846,139.44088678535837,94.95111619379986,11.076279895623607,171.18623555368777,145.71282490528904
73,85.39776601254107,11.039851789851031,167.69815447152754,141.58182068835188,104.8680236096855,12.305370327512108,168.91777991475783,148.20720949932033
74,94.43166324191317,11.21386733688205,160.88950266818674,145.70555384780045,112.16667893852993,8.110617841934223,168.0018357373981,146.908837679537
75,106.06730431495959,2.325219400460494,157.9594664850648,148.05493467281906,114.37837499995379,8.120728949267823,163.06302689168984,149.8390640458466
76,110.06136414708888,1.2386995322138887,156.80319339015733,148.41293815688888,119.7218286538824,11.380427000464934,163.89906786627324,151.55489131160175
77,115.25445914518296,6.318357914760789,156.2248772607923,149.7212866689925,125.23513258524754,11.836678194415446,159.65385304580576,152.2333115371986
78,116.95798253377704,4.51976705009518,155.21296597717227,150.83242253262205,122.52382895745929,8.759422757751498,158.767264200303,156.4366827940223
79,121.88840399684871,8.478164842518044,155.3495545458478,145.99899159583794,129.2860508700541,11.519337032959701,156.76460217115007,156.14625751567974
80,123.94452299103638,11.33637394906331,152.7581308520454,145.71194316923675,133.97796894551473,14.607248496822479,154.75542811574084,157.80513000171433
81,131.00968735437348,16.24939054174272,153.7862857074096,150.63130469415998,135.22286822295868,15.987197090129447,152.69609123009795,161.9391017622199
82,134.67538352850687,18.608052615560503,153.93114822482383,148.68784504390845,137.90003556976123,17.584143749595363,150.9078246770323,159.6925541185472
83,136.32569691372694,18.319631799152653,153.43897761578265,145.14996470292215,140.75511391955598,16.072558376109555,151.3751582996444,155.71026971472514
84,138.86028467309768,17.040004422674038,152.5979823268913,146.42562185500182,143.6854606858444,14.904104035598838,149.9226350693002,155.00786045578076
85,135.37390472870553,12.024338701134623,149.76015259113765,146.03293109133105,143.92271483576903,11.564747155722054,147.04450477436706,152.54531900361008
86,135.05854823391883,10.951346574928422,147.57436839398963,150.29164128192096,145.8120215549031,10.351120126737413,145.07093552059777,152.04548116647584
87,139.8572037648882,14.574022165661871,146.92021148052845,148.54572780069228,147.691986777182,11.752896215074255,143.90974284759906,152.77803383882687
88,143.11888939178303,17.068466021553473,144.78286450211255,144.2988248710543,149.7863136705612,13.011009238320272,141.78353313839722,153.8974040952063
89,146.60225931604958,19.921019408842547,143.50177455350442,146.3878281219937,152.47091037029753,13.671188954911168,140.41068352473877,151.99871583015766
90,146.73139684341874,18.56857970823964,144.72957648740933,141.0064861848695,150.60777849426762,14.363285370060446,142.01987106901532,149.5438717749812
91,149.03122743803766,19.129358444948796,144.45693396756334,140.61504896460804,150.4147077674967,13.850784687823001,140.8740692761239,149.4069195750579
92,151.4472869158169,15.617079458244522,141.93413916469575,144.68893975047567,151.27500002425205,13.507078130527864,137.88402943841587,155.380952518473
93,152.8866218652764,18.312012366467005,142.56856235518808,136.7480804667884,152.11848363423826,15.787911149049322,140.24823819825832,154.44793054286276
94,154.75023545030385,19.09108866062969,142.17293515518944,143.83468061557147,153.50753395919895,16.389884103914152,140.75256821858312,152.38664314344197
95,157.97846434457654,20.34144545816115,142.9265212584141,145.5637048919444,156.53293184692205,18.21784504469107,139.11051440215454,155.75152131312237
96,155.5139340717455,19.66949261283163,142.14352621778133,140.4090097040535,157.2673777838791,18.817926421497788,137.41437476206787,157.24537052925936
97,162.00766521518312,17.68773342923084,140.1437234798499,145.65821555551918,159.63376505104688,17.956973284831626,135.83566446985515,157.57626723064908
98,165.38820184601826,19.108351794812933,139.3711374852365,144.67916810024815,160.70653873360516,19.0421742111875,135.38404897264306,157.42624536873979
99,165.8441594247756,18.520963539505935,138.04188920507784,142.7580278702659,161.47567028230623,20.234972834373412,137.0758988623395,155.57109305986828
100,168.20329307750487,19.40669579686408,139.13921106724803,138.44970586015143,163.60328630621075,19.337742089613716,136.18860434420483,156.1008143593764
101,170.02450527117577,20.455400205072795,138.71370022775287,142.6151735775442,164.04288152191955,19.393632993344017,135.78756690641666,156.99819794061173
102,169.55294169540036,20.1515220542921,139.49605167626643,142.62548101970577,164.59453568528184,20.44096595303227,139.20418644565086,152.78599703141472
103,169.84183087646784,19.915263261760852,139.16885084263987,138.36242672288404,163.11842380187915,20.522891627074973,138.7143600473912,154.24355583250144
104,171.78031923468913,19.628586278184347,138.16204409629697,142.6963374312956,165.24022655150236,20.615933684775104,138.19054842816502,155.7913032745402
105,173.24198178178565,19.716388108410072,136.24220961809007,148.00686726379053,167.3618873635738,20.609277128666317,135.94973592486858,159.50848272246367
106,172.20175917949567,19.11692323625794,135.84668080883998,149.73751065931174,167.05170467351996,20.578275050511106,135.36895848655078,159.32831814981586
107,174.6441014352922,19.359648157997565,134.23575592211205,150.0095579438128,168.75601821894654,20.98781598780786,134.9428520526096,159.56422786010097
108,174.93312591781867,19.749015434935565,135.11202193820688,149.8652237024229,169.9440631570721,20.34558251555745,133.53578773117025,159.52550495964397
109,176.19082797903712,19.17248342461737,132.1514387448011,153.24110804329084,170.92192295960743,20.68928527356588,132.73716880238777,158.55608973398216
110,175.6695220641453,18.728367409832966,130.3839152055312,152.07636028346062,171.75164593569048,21.071058601649064,132.99161251829773,155.11217504401662
111,175.41101413240833,19.31722324757465,131.77200625432283,154.12270894642447,171.52271721611018,20.089576540913587,131.53755683897646,157.24687450453158
112,174.73018296505398,18.36530004283887,130.7599272234611,155.0465944900624,171.01084757882828,20.39667165512188,132.2781665301992,158.18125866607087
113,176.11348456163276,19.020992216622712,134.62522362987426,150.03805833576564,172.22263694638303,20.848912485246935,133.0868199999194,153.63773418901906
114,176.46663746974218,18.627138271325823,133.6608423598267,152.18744934622097,172.26758994480883,20.739527692792116,133.47924720515022,153.691702353783
115,176.08025980833705,18.50816970165608,133.24289621942467,150.79571473625435,172.31131168877533,21.24554268825268,133.82594129872328,152.55358628382214
116,176.2306321114519,18.3295057601861,131.96482067464422,149.6788951021386,172.23010173268054,20.96545459810461,132.611445502897,153.25193751660933
117,176.21813633450682,18.41926387756558,129.749454012815,150.41424705903356,171.4309112501699,20.70587887881158,132.01181059886073,154.27943688707435
118,175.78606109659265,18.072293644209637,128.7421959933564,153.37985334869933,171.32546790054397,20.912115811863366,131.99332640876057,154.42294408783667
119,176.37968726652397,18.166516196354117,127.57250622743325,155.67725537560034,171.68143093851356,20.99692301165667,131.72124552775315,154.83543579896664
120,176.83884022473907,18.500396734557942,127.27827881737443,156.69901623158964,172.04120059769443,21.70379312209556,132.8703326467416,153.15970895590286
121,176.74064864053022,18.052840690719908,127.33003542547348,156.25085638089516,172.5109990361181,21.494597374065375,132.5808607392101,153.2726991118095
122,176.62217020217204,17.926196781841433,128.91872731590746,154.53434169174292,173.19414318864133,21.59677162749051,132.40735062208012,153.9917411605375
123,176.81561569040684,17.91907594658947,130.50340476317402,152.14707840171184,173.37459724180403,21.49837577662103,132.56464893636394,154.19982198934034
124,177.13148868073836,17.83403686826596,130.78637800678362,152.35663486035622,173.49360063034052,21.450345615623895,132.47053225805521,154.62286687836138
125,177.65411241466506,18.198874583189458,131.74093892350456,148.24193454964765,173.7841027338011,21.830188170937646,132.864528566009,154.46567158998047
126,177.82729524370475,18.169999508613934,130.11037280334716,154.80953867804237,174.30459535677053,21.961338288362068,132.67842737101975,155.70243536243612
127,177.463137369253,18.107943977956992,129.33992014853524,156.0008455780461,173.9011345278405,21.969029555676244,132.23516634157787,157.076646484566
128,176.60485019278792,17.874174679217553,130.63014454707792,154.01248833244412,173.92382655146338,21.725608433299733,132.23465621640742,156.35336432278302
129,176.9788973822783,17.967778830220464,131.64890015438095,151.44172507520506,173.94551897100422,22.274000702692177,132.8874784599765,156.17547984049676
130,177.04451358514876,17.820870058178084,130.83062332780742,155.08904999935308,174.25442490303868,22.480039909662533,133.66031075090365,155.25883720412008
131,177.05401276226937,17.769647076193856,130.72138742114575,155.15771881680195,174.06096348299354,22.368151444199317,134.02122202932597,154.77620378335723
132,176.72892489171545,17.621912892310544,130.77674310714647,154.58164649558336,173.6847366070269,22.219661224813485,133.77073258906563,153.56231074813712
133,176.7689330943358,17.491762978959784,130.56825703024194,154.81198202185354,173.80737013174524,22.055590534574574,133.1886205338136,155.2336347065302
134,176.5152690711319,17.265611317235766,129.5887324581339,153.0362648827597,174.0696106711057,22.03989301439878,132.5405413031958,155.64966993895615
135,176.54403143516478,17.395147306972248,130.16598933520734,153.84617344603765,173.9704380211939,21.892503208049494,132.1407702569649,155.84790548082452
136,176.32291165408012,17.417237693216624,129.80646206465096,153.79177829591168,173.39093951272986,21.892761364210394,133.12142082611425,155.18518939844057
137,175.66296336559012,17.413443051069173,130.55893156544914,153.14211923711738,172.6222530721188,21.546797539904833,132.6555906304074,156.20812759742438
138,175.6840967757195,17.412279892484715,131.38807217491026,154.14050827805582,172.54035163730376,21.373087004543756,132.89547019236417,156.87212521266406
139,175.91113583542813,17.552368382729075,130.68191203009232,154.19631948310717,172.6774543273055,21.3277187208736,132.07735371181263,157.62555106816401
140,175.38036138099176,17.676024813916538,129.77629697860706,157.7960592630487,172.667355339169,21.25651870998466,131.69777591609696,158.37304664549157
141,175.16972249392182,17.694248284468564,130.5254269631068,155.94267343756087,172.81633473711975,21.247194226928404,131.6128521505534,158.00871204863307
142,175.2260983859827,17.444223425615622,131.32722283707636,154.84881153708727,172.6959432037232,21.02765887746971,131.96471141049966,157.58777326579397
143,175.68965297780431,17.42920209209833,130.93793038007695,153.9923006292651,172.65376004276254,21.316050159275438,132.1373619913259,157.2530446909287
144,175.4330584483651,17.882584531657965,131.0915112489242,154.17002263611195,172.36670149961728,21.1766571554937,131.78574707465143,157.99243331531108
145,175.9541308210747,17.99945523100495,130.6497557743796,155.17653193230626,172.2150689903234,21.356574409940315,132.5787078229137,157.3435154957649
146,175.88112757475204,17.86876912547203,131.43885494967103,153.1254199556127,172.19892468970804,21.403781203584895,132.16142076458019,158.3016806735763
147,175.46795632158333,18.0451883648082,132.87514757539614,152.16085841348104,171.997080278247,20.997769251751578,132.0972743347752,158.52765285717834
148,175.10970487134094,17.82659568171712,132.0690374796756,153.45632459595694,172.17366562433676,21.221415552772072,132.2819215529181,158.31042194410654
149,174.9361225591861,18.015611035408362,132.33915191767548,152.54656693122283,172.22271923966224,20.982055602755917,131.56353037623208,158.01052722221107
150,175.22315486777293,18.087608534795578,131.05435109679894,155.0040334905089,172.2369514658398,20.980731247043142,131.35166923841962,158.4727491138646
151,175.44846046563123,17.777292121864928,130.74832445028147,155.26104039789718,172.37852690569275,20.85291843505259,130.88995139461295,158.64636400890774
152,175.22672354892578,17.96750538727314,129.97145128247845,156.72850097148057,172.2174909673097,20.92012505455713,130.39259986345837,160.0015350508319
153,175.0515652326251,18.27705574914904,129.5466672206467,158.79086141330257,171.82236554892438,20.983337306056846,130.83554535701012,159.39654010331878
154,174.8510465187871,18.192755702309327,128.67872126090268,159.87913005827622,171.5918724521109,20.750955220518257,130.15729781389143,160.1465889560438
155,174.59528115734622,17.742171455459896,129.24523840851757,158.4887472344473,171.44616107440677,20.805586830466837,130.8042070380812,159.22816087357154
156,174.8756058064217,18.17441981023158,130.82376926124493,157.2623142323589,171.60334121416767,20.363938282457447,130.46524945093782,160.07434949687416
157,175.24198863605096,18.286754513974643,129.80720153237408,159.10453051714904,171.8147081744455,20.798145900100725,131.02286091209012,159.48123703578017
158,175.80845527737762,17.958910189047977,128.6308926316896,160.0189095803109,172.36408161420115,21.55479214289573,131.23781360946845,159.83960361686326
159,175.62920995693617,17.828795713932752,130.11994490945412,155.88294915841985,172.49411771579634,21.352196855774253,130.97846583916262,160.01120523161373
160,175.10105605056614,18.009430137435007,131.47950864624235,154.8465692619818,172.5184418411757,21.0715585765528,130.46990175097798,160.5936629578358
161,175.12733833065172,17.933808338590907,132.39885454288034,151.02527790216544,172.19961217311854,20.904880864604028,130.26640566587665,159.83477173857474
162,174.8777688195149,17.829541558570465,131.26083611455545,153.9750888142563,172.5719683207449,21.054266289769142,130.75218410148528,159.31408324471462
163,174.22200128750197,17.623253263256913,130.82451488156482,156.35736877005274,172.31385267920317,20.69002694207957,130.11194347019833,160.216806371516
164,174.24412699922246,17.489538263402913,129.78045128044405,158.4742566454981,172.44161055939094,20.823730959200837,130.13548531712007,160.473731315392
165,175.03780088500713,17.026334951538672,130.46659717164127,153.37349661275002,172.44914509752655,20.39894279413165,129.73638795664962,160.140601047895
166,175.74648025336248,16.926772683797044,129.21432297191635,157.8802704677508,173.2235605721423,21.15113402295651,130.62942343291232,160.00612533510707
167,176.06254976138894,16.902150244244673,128.4210102431424,159.21269055758,173.41425525718185,21.370001908132515,130.79210581571513,159.724886774946
168,176.4866304346754,17.18672564084194,127.63508744076117,160.38512731425513,173.49827487792038,21.447839673597496,131.19909914092005,157.29787976043698
169,175.6918241595203,17.214050997537168,127.42503490889013,160.97178885862155,173.57765367602707,21.36647868147525,130.99247976492745,159.4650100314342
170,175.98381483876398,17.38001970552443,127.88348980289268,161.85342781081766,173.53612517035063,21.36124582202364,130.59992490198294,161.29807076695724
171,176.24669961404004,17.01139205060119,126.98947610126964,160.99402617422527,173.29449310880588,20.85279121961438,129.73033141321017,161.47551385122634
172,176.52930918361488,17.34576044532878,128.02949225036426,160.64229862048498,173.69118219742745,21.09973964069031,129.84836430041892,161.67842067902595
173,176.42922121485947,17.60226217041785,125.78101745743174,164.39831735388987,173.92149586600584,21.270333350898852,128.59026727963334,163.59667220633577
174,176.06767637854426,17.809693319660205,125.59546246820332,163.51156142056422,173.60787082182827,21.490639443694484,128.65215643365616,163.17674441316368
175,175.88740850581195,17.472140927895705,126.14156620119235,160.3880657624209,173.08301367339794,20.79822056207659,128.93690476769098,160.59268665450418
176,176.16004428973767,17.499401626060745,127.51166111184043,157.21226373929966,173.2469076630087,21.003441692442095,129.46747075866205,159.74396133184462
177,175.43315818926095,17.118603831044577,128.1764459970157,155.94848650908574,173.65176967379043,20.778320063311973,128.62029745021044,159.75184912939199
178,176.16014171092604,17.668526197335385,126.6564916592364,157.42171843932059,173.8870473373555,20.844251483192732,127.85801881873456,158.07190393267587
179,176.41701606316047,17.509246982900848,126.85681496399192,157.59925788523495,174.5056534441462,20.626010711066915,126.91717724164641,159.0904357190032
180,175.478896110874,16.778891172202677,126.21607080031694,157.8054820258465,173.59832333924675,19.691124135628865,125.5348566939389,159.24354637556985
181,175.01012117690712,17.13824428601618,126.95717370691759,157.24718023282685,174.14279095363665,19.972455963315085,125.86888365547304,158.81726292554322
182,174.5215163005466,17.016926738312204,126.83344872302567,157.1818813274576,173.73274873906178,19.711571021883817,125.22516213275631,159.92567784297253
183,174.46029165122712,16.865771353297173,128.02487839520157,153.75616005705885,174.4314166135707,20.355922116737897,125.64002185854446,159.71678422605032
184,174.12453468872238,17.091001788391612,127.53855517969316,156.7625405508417,174.48676468298507,20.395740235460856,125.77101495171178,159.39668204799574
185,174.2759112354392,17.133361004591052,128.30849097047766,155.24807269728936,174.5245782861017,19.957687418412167,125.49497482676747,160.01974999723632
186,174.73427155631302,16.983748034796474,128.24570748344942,154.81012678692363,174.8487494523175,20.034384706401166,125.44307468744603,159.37244486804664
187,175.18550946045227,17.343962908071127,127.93577616716198,156.8689250548303,175.70500648482093,20.731909220509497,126.06612029046786,159.76598805809274
188,176.33937455296967,17.597608342443802,127.89412917049489,155.36912279259496,176.43092933529925,21.270077255271037,127.37780470838715,157.69817054235062
189,176.1680517679863,17.59343353174999,126.97542888657503,157.43006806896355,176.18569337136898,21.401533979644096,127.62180312650511,157.8610574730199
190,175.77587412112482,17.619169057327063,126.88516037642674,157.71525788021452,175.89931559145938,21.206314214294434,127.2984077768736,160.60517663135465
191,175.38637049082092,17.480021491935158,126.55063128860252,158.42016920891402,176.44013793297734,21.603194896421513,127.51952703916407,159.7233818599999
192,175.29979458477737,17.48679773574007,125.31903264865181,160.9581390661324,176.4793643038003,21.57646977642113,127.79592772125199,157.87128540988004
193,175.47056644138053,17.769253797927302,124.77687387128205,161.82264777929677,176.5940061894413,21.545425072335224,127.27560847878229,160.50781182757794
194,175.09382671879203,17.342778047978282,123.72187882486625,164.21999035088803,176.766083705059,21.42068999013297,127.0983741894616,161.2340561444388
195,174.99149616061115,17.000257970712678,123.59411074597861,163.73899836572107,176.73548087959617,21.28626555794162,126.5513118238324,161.81999710238122
196,175.00714407046902,17.200680257914758,123.54584302327257,163.86164214890897,176.66451778101026,21.262719532327655,125.89507132370639,160.52521122524647
197,174.55949233099506,16.932642601533846,122.9833579476751,164.24043847664527,176.4405112685702,21.43021748725002,125.84260999942464,160.53556718313237
198,174.0618968523967,16.79740907066239,123.98677214059828,162.02831837980042,176.37520331925666,21.318102456017574,125.87019767831589,160.35026161149426
199,173.75549140439207,16.864358968817033,122.65464760762657,164.59752291104593,176.54294581708433,21.2879325240559,125.03991807200475,162.08156525865658
200,173.96900727587138,16.82582880609104,123.20293366675631,163.410411178037,176.42465135303146,21.1469614450705,125.13766230723809,161.77307287022344
201,173.92364925507025,16.70115582872182,123.29420858974112,162.63902386106514,176.12715753432576,21.144120863687018,124.97341937394634,161.4499123322759
202,174.27290329145265,16.60813836793869,123.44841745010865,161.42128261820272,175.96678632250942,21.017844873800062,124.74722857351315,162.07719859753436
203,174.84629245502475,16.73663146484648,123.76761632531284,160.30804994726546,176.13247778688742,20.81189373530462,124.23999761524962,163.40040022410727
204,174.78609555270768,16.62037411651888,123.73578204533862,161.76083156979965,176.31011025515636,20.933142077859802,124.37123319403983,162.72997037119424
205,174.8839982145404,16.566951931793856,124.30640759080038,162.25793370182012,176.3213770455256,20.87929086312504,124.52911205389549,162.90586502488836
206,175.07978035596565,16.80849230551391,125.77045121349104,159.90391354940746,176.68377188975398,21.1760721799905,124.96294499267728,163.75649196671696
207,174.96377387220818,16.930580526396486,123.38995883161206,165.25224360328434,176.62862882841313,21.42273298243477,125.24869717787678,163.45197618714667
208,174.92401852873263,16.845705216189053,122.36971585416944,166.53526439641138,176.51242438612368,21.63446496120672,125.66868024861986,163.2599942584562
209,174.862317110253,16.77212526838653,121.81734607976412,167.02014603889089,176.19345527444634,21.667196515981303,125.48626107615951,163.27213709520385
210,174.41269728387653,16.54760459433013,123.33928698608085,164.5956129273807,176.06437501432123,21.392490035939723,125.26335041141269,163.5157458940061
211,174.90632803472292,16.791746477773962,123.83379339563697,163.2039929929806,176.39924426029444,21.407097545197608,124.48634844326037,164.47623371610027
212,174.68797126910155,16.928857836260697,124.5921288403504,162.464810717103,176.73906516559333,21.46420631828254,124.28858569802134,164.84301106318134
213,175.1112054764747,17.004787036266766,122.93242339167719,164.6380659200884,176.7956591998114,21.56680358143178,125.09957697479524,163.0623397795407
214,175.26052614186088,16.973807752123797,122.67860440577692,165.56810142144585,176.63035732139036,21.632124601212205,125.48426583854175,162.31210313477013
215,175.0175583216859,16.86796113135365,123.09197657207014,165.05816244893694,177.08785836779978,21.97618927105187,125.61332233720094,163.33540189212457
216,175.09578635459397,16.542784024902478,122.20881035132513,166.44497817069345,177.08348913754332,21.663305021094153,125.38477603009721,163.92099013823162
217,175.12554569519222,16.63376958002852,122.66596931005219,164.3214056692889,177.1179797132926,21.621882417453723,125.05229497646269,164.67960526982105
218,175.24265826327945,16.84590679829395,123.80561341915714,161.84621583966455,176.83980217604122,21.390865611326277,125.06065505359615,164.5720147387759
219,175.1459625267916,16.653974353364852,123.96124656998276,161.18771186580787,177.26393737004423,21.56816519016471,125.60521893279542,163.56034180171613
220,174.26777848896464,16.600930700827945,124.29994359045762,160.18395090067548,177.22749988128336,21.50175947913329,125.40165950508711,163.64175567102896
221,174.19405537293932,16.47010572611169,122.64240438468582,163.61319132033685,176.69558721636886,21.53258087689855,125.63425734006185,163.46959943347778
222,174.18050122140508,16.431154209943685,122.9456634711903,164.41017258314477,176.13061448497112,21.475209971025798,126.19935099754477,163.03148609887194
223,173.68281763874774,16.268223696881734,123.30375310093126,163.98530315177163,175.906392577108,21.4348632989042,125.95601679816068,163.08056965769893
224,174.03516238476908,16.319603954126364,124.60690694514042,160.4142896279261,176.1686240676971,20.826637862292976,125.26309773417998,163.271405891109
225,174.93769444588744,16.433069049520327,124.79517834700886,158.74638921363214,175.49351488685645,20.468756913157392,124.34285187938212,163.06455398344687
226,174.56972138716654,16.419458838736027,123.82236433943768,160.87336373444862,175.53554187297598,20.259139377761798,124.25150336012481,163.5369362008099
227,174.5217210516131,16.918164008004663,124.38306687776793,160.09003728999647,175.83500745359723,20.494051221659507,124.44541242980691,163.72603662711742
228,172.87979511041476,16.450837932466545,123.43906126981702,162.84316856321522,175.74190155902724,20.791115313910908,124.73053310653071,163.21144880193148
229,173.66649268535076,16.696664452810108,124.2980533761318,159.73892154333518,175.62504348544937,20.84036266098961,125.05186116704917,163.31356132312035
230,174.20624167109253,16.8548664106336,123.85657529530994,160.35293165213218,176.02138230334626,20.937089951953613,125.59794405302509,161.8555347092135
231,173.3461561106368,16.503309228357107,123.61049585488084,161.465716119796,175.83054610362714,21.244101289860545,126.0786113961014,162.02206911283753
232,173.93710060926387,16.75385213754706,124.74434148410043,159.52680207641575,175.78019872098446,21.172650255546223,125.13272705807506,163.37608081588
233,173.85783086007538,16.968614086550225,126.80360959837577,154.85447713300024,175.86631412523835,20.903931849282852,124.75662396902254,163.9022741967828
234,174.60573513267548,16.971656780153115,125.53683696871079,156.50498577205042,176.27995943169014,21.531219843386765,126.09489185150468,161.8925586731442
235,174.73209262295595,16.79691818587608,124.61683589504761,159.06772184743804,175.96261496751842,21.19274247308201,125.92427632648833,161.4971984288351
236,174.93365133733354,16.833601030131405,124.29933834300945,160.96906221080954,175.781215773557,20.951940716591547,125.76270198418015,161.0166022910183
237,174.85059245394314,16.842165021680678,123.82743498229144,161.88288605933081,175.955880906449,21.048695654781763,125.5513379205322,162.18136131885038
238,174.96849830344595,16.85434880356485,123.02565164934578,162.9561032645114,175.74439586406993,20.945117745084502,125.44326532524673,162.45813128971096
239,174.171832800486,16.36373598315258,124.79509455274709,160.75648378638417,175.69783565121148,20.758720237836112,125.97855647918215,161.44356904063952
240,173.51837531140325,16.56441278083217,124.11568349318935,162.9044263056177,175.77062305106102,20.72862575673545,125.62150407837422,162.52439150617613
241,173.9029419577728,16.472081336683267,124.01750332008439,162.45139860944786,175.50157053007797,20.78960092400122,126.03635546953231,161.90843977599837
242,174.04250348113197,16.506188278765915,124.48124742434456,161.20896393889763,175.62246841267157,20.718394832397923,125.55094510683222,162.51394206009246
243,174.12475512433573,16.429517243823035,124.96417308871838,160.97399878841745,175.9010217810356,20.79731634399751,126.06085815981885,161.78713960344405
244,173.3757224345132,16.42387485991424,125.02127917166868,161.3324486126305,175.2144997094697,20.50651815178503,125.33776542603846,162.76708741043117
245,173.7123120855029,16.339951657544987,125.06467933533321,160.92585916549191,175.43608405443334,20.481976163945813,125.36172478162865,162.0072862329534
246,173.282999963681,16.577688173192453,125.49553571427089,159.38385672777972,175.35000711730282,20.332431653544422,124.51630907577967,162.99665675943342
247,172.9406054488316,16.670144445356765,126.06483907056534,158.41824481025864,175.78573628803372,20.517359863776004,124.33643514065511,163.60911881398042
248,173.08826600491398,16.648799216101928,124.81083882693656,160.77139703833447,175.67379511283522,20.717118581088826,125.132602107243,161.88575527610848
249,173.5630305415642,16.323487646866198,124.57702449962073,160.9370919542258,175.41489755317,20.25412719607567,124.60656069975471,162.60333643884218
250,173.27449600868124,16.08088302883866,127.1662711165107,157.6596722734361,174.49186289372145,19.925312247251416,125.26453906076458,162.80310181265924
251,173.34356384333148,16.228798187175467,127.66240699649649,155.82737223245618,174.58093015432615,19.683074210623328,124.90046779331155,163.26605206691156
252,173.44798612850963,16.19603823780026,127.69610865963358,155.9050213461401,175.0370084071077,19.733821073186917,124.88126908489056,161.9476859749392
253,173.26867326669537,16.584700993408326,126.83624316217066,157.93887768839187,174.94534462143463,20.066838144306157,125.13084152875348,161.8846645287448
254,172.8873148827005,16.371493469587282,126.29493505429292,159.84772869180676,174.7096551361686,20.315334519028823,126.35495772092759,160.5114726143805
255,172.56158170577893,16.652472350574246,126.0602198407706,159.7095395408401,174.67174184408495,20.420428242690956,126.01598299878461,161.14524046864676
256,172.78652315068663,16.504089364949124,126.38826932686462,160.83873579291478,175.14367952552988,20.43476783931465,126.85500656656959,159.91517839417796
257,173.29323428306353,16.09985677186824,125.36900649887312,161.44630217135128,174.84929147669806,19.962189156898322,126.59024296245244,160.72546631688672
258,173.56869053012142,16.241331626291306,128.15099214538458,158.0632828905858,174.95489444304218,20.101854388731248,126.38640997688876,161.44145467985487
259,173.22750838050948,16.79533593724214,130.06032780083333,156.48792659401,174.14455764975378,20.008464427652317,126.18658788575084,162.40068526711363
260,172.67040255050816,16.462767091264,130.06848140847183,155.28192522383603,173.99810781225358,19.835719916594822,126.30509018864308,160.8953493345932
261,172.45433389237084,16.566466585457913,132.09535729661505,151.99515876420296,174.03538079875358,20.07395525725946,126.93102277656385,161.36717933307827
262,172.31443615193086,16.635011634345197,133.2685678253888,150.73242098451632,173.8570036640728,20.13319730696409,127.03550022022631,162.00959428063652
263,171.90692346111217,16.66965309020002,133.30594722865897,151.05926475444403,173.65666602242172,20.2064021748513,127.33460840120577,162.5954558347681
264,171.64307764596947,16.76606161707708,133.74251694984528,148.95785981314847,173.6530585286286,20.335283215173614,127.23434038938481,162.34263390161985
265,171.76392008597963,16.84017130735687,134.2843295727511,149.2171210862948,173.48349088295288,20.353753677273634,127.81277228592813,162.33506851900572
266,172.4520767097926,17.31481288275299,136.1289874041097,147.32864864969636,173.1378431765146,20.61736078254933,128.76538613642785,162.1815827137014
267,172.3760387787463,17.153949280825504,134.95607923484488,149.29378497065522,173.12553878946662,20.899882996376935,128.4415188995865,162.62574345014258
268,173.19377739817534,16.808444727689924,132.87741383985713,151.03569493679365,173.18683338034876,20.991684853235657,128.62521074769953,159.89187121114279
269,172.7380446234724,16.68719619922501,132.05281717517863,152.0421153419094,172.8975223167142,21.140299580397485,128.91593322114443,162.24775823971476
270,172.69317891910273,16.225073003476172,132.78013420494494,148.57963498473822,172.9753822744448,21.07776834453453,129.07962130183125,161.64276012216718
271,172.52814400680572,15.948858199607121,132.468958350911,147.40863482415807,172.72104467810533,20.799784085924838,128.517908948658,162.71177739943874
272,173.09482899132954,16.11250418714588,132.56596842210553,146.72331650200712,172.2309592864185,20.388638186166478,129.62096216131218,159.93776990455282
273,172.37297722141795,16.11778206465351,132.65523467023965,145.78217395399625,172.01838013594278,20.03414841504702,129.69990542245722,159.41029817884956
274,172.22546004979563,16.33578819582469,133.3864462691265,145.3770752686105,171.96729125809702,20.23038231898084,129.50197903367695,159.3316286380638
275,171.97300855974456,16.58943373340657,133.87150802761374,145.00865169484712,171.66945035062525,20.31476520484305,130.00990913683793,158.39477787368514
276,171.99808516249288,16.65416299959736,134.01391525054282,145.2819107929022,171.4760723125036,19.922177089202208,129.79150742168213,159.07331774550255
277,171.87693987940403,16.60766056251933,133.95102308546987,144.8664451895383,171.45869309231873,19.92120944827187,129.29917153126965,159.80015385521625
278,172.386666646092,16.547751483522223,134.09195287699157,145.16395436632715,171.6387369893244,20.025196073751925,129.5290942989635,159.81460518796968
279,172.5610147334014,16.618450999772392,134.5853219635965,145.33537010931374,171.8063015826238,20.29585662947616,130.29599948865192,159.38173701606436
280,172.66714590038188,16.592275943471737,134.34622163240252,146.39713939759727,172.0614293525566,20.49955550368883,130.52725814318885,159.114987939854
281,172.355835290662,16.69666071335323,134.2205210095712,146.34920674526293,172.1774768016154,20.517809412105038,129.85020997788928,159.65531709204447
282,172.14561687286536,16.496160443042932,133.86690056573224,146.36536253691713,171.97000672868296,20.386337090784362,129.86352311795562,158.84612802548492
283,172.18654310731975,16.824119198223478,134.31316582716101,143.39191273455333,172.16812355204675,20.366911149861533,129.70958239437465,157.84211138926625
284,172.25558076656182,16.60475053103709,134.9362476481169,142.24116807894157,172.05204670511992,19.883347915165984,128.93752635942613,159.36360588247473
285,172.45183404966247,16.720625648791078,134.53552458542788,143.19672209112773,172.08118304733017,19.90170988500814,128.72260428378328,159.06121797425106
286,172.53298992725357,16.727685441063137,135.53066880952585,140.61978733599136,172.10166170328066,19.932423980737312,128.71010353170556,156.52377942734924
287,172.98485463208837,16.83202549728017,135.22064829790313,141.8066266163902,171.94346163218938,20.152329291066266,128.8979861059772,156.08961293548774
288,172.95474164860804,16.833258807012243,134.0560137797998,144.1204626071382,172.28196832705305,20.311242541499645,129.11747014601946,156.16174839641522
289,172.92872362934463,16.841474516482307,134.68457817181914,143.76171221949753,172.45593781835433,20.259547496258143,128.37673492487423,159.54161532544893
290,173.55483055765586,16.547506919996536,132.8149122384133,146.17486879040325,172.36904582523522,20.05438013528277,128.494355510719,159.18811532635087
291,173.7844484176887,16.619499846957286,134.08760659871092,143.40953083356305,173.05252654682482,20.36436210690969,128.60220087239352,158.97453744273443
292,173.22764811616594,16.358366898906063,134.07516410889204,144.10137108146603,172.3458656553254,20.126635345334726,128.29546238669192,159.8439000683622
293,173.03256328506734,16.21942095339342,133.30611827500377,144.80277010600653,172.26909530488408,20.030925747179527,128.21164273936498,159.96041831539443
294,172.90478102104026,16.279464562979676,133.7781320626956,145.13868648746939,172.57133667712029,20.355539175202217,128.54377854488578,160.29479041683766
295,173.48180561495286,16.33045523024662,133.8360182380355,145.09024365601059,172.86779310790217,20.671416980826717,128.80904911592373,160.2846745576723
296,173.0462008619348,16.86907562414943,135.455048254375,142.50119957488806,172.9778461139973,20.76244103045491,128.82156293348996,157.73447043451569
297,173.202401342752,16.96558375787383,134.6324799124496,146.05674973434142,172.9712083146731,20.670574053970736,128.33637166643493,160.82210290679276
298,173.19737124100183,17.18062671395277,135.1984682846939,143.65954861092467,173.13247331287894,20.66642305811216,127.58876134423934,162.01086875409092
299,173.13248951898862,16.6848855801341,133.66986175479101,145.7335329084401,173.36663698109535,20.6241197450572,127.85081822277456,161.77910759367953
300,173.08015215439733,17.100710199102927,135.0872038108596,145.22703133860966,173.33247862819735,20.96911486423524,128.9200656198518,160.56948649548596
301,173.43919518539315,16.796192105234812,133.66870471453922,146.8985894020727,173.39844038699624,20.90990113204256,129.2639472552191,160.23515746519632
302,173.1366134420824,17.126157305313313,136.09884271911568,143.2358375556804,173.77584652363214,20.60297127659734,129.03741873323528,160.8468977165595
303,172.97927984511864,16.792055893449902,135.84423634340055,144.0056661854144,173.6172381464929,20.192195969680967,128.78245138623473,158.17845826267677
304,173.22331897561085,16.77087128226865,135.69739742130014,145.31807331487823,173.4350188809095,20.245448128168405,128.892690438235,158.36875439982694
305,172.91616814552768,16.622216951057812,135.7584952192866,144.7878477132066,173.2951461788904,19.98805554381004,129.08389608004987,157.28629249899544
306,172.85041075148072,16.397784107544403,135.6546273820548,143.54587402669893,172.7841903992784,19.908129178448345,129.0272772583453,157.45843426463145
307,173.2494413814668,16.5254826658384,135.3587417573354,145.21558258130233,172.98622744713902,20.16279878073021,129.89308823631532,156.00570704261605
308,173.304949177614,16.61971460455707,135.71525724601378,142.94104528063335,172.9543967612374,20.074189973911654,129.67329450524875,155.5299229557486
309,173.53095767656674,16.618808447888753,136.68210198929108,140.4484499271174,173.32892862977772,20.158965470355106,129.3487393732289,156.20661388418316
310,173.10354044272333,16.54815753266719,137.13078303287637,140.37111735215387,173.4841179208501,20.077669741275347,129.19345692895632,156.96431113773707
311,171.78993910770888,16.19910957139639,137.02949843807608,140.15366273433554,173.55514915795652,19.872346269667258,128.4793739735973,157.31433566122735
312,172.64837559770854,16.434439035630152,136.27093887840368,141.04470040433188,173.9662676418917,20.439285134314925,129.21907995800632,156.74615835509525
313,173.16339054677465,16.727482422665382,136.39927309534022,140.92632214021694,174.21723340795435,20.277835046257707,128.63214143426137,157.32284661204378
314,173.5154652337895,16.802548312834166,136.85808758930642,138.62909913798453,174.300110741723,20.046278931012107,128.7234176246108,156.2329190253418
315,173.63986545170437,16.705386985931714,135.27549882823843,141.5301380946243,174.29910231575766,20.74433803563374,129.74243682642464,155.4452763556839
316,174.24264477308876,16.90362111900475,134.7066258860422,143.71984789290792,174.4307544730824,21.151247215362037,130.11043765929372,156.42520840797508
317,174.46992053160042,16.977530222317938,134.8740382490535,142.1170005237226,174.59136217003817,21.21816098600721,130.15961510116475,155.7269166807283
318,174.55914232649639,17.11611434084097,134.49897694320546,143.10233811452918,174.65645682729158,21.55951784946722,130.0779550223496,157.002186799843
319,173.89250647231228,16.65558867024958,133.89875726044846,145.45156070312473,174.39303436818474,21.177195983108366,130.43305085372234,156.03148977649292
320,174.6131611235601,17.0140045276677,132.75280983784822,148.59469281701766,174.6953285767917,21.46544664137483,129.97618341398692,156.5410828876629
321,175.28581933812683,17.198401036879844,131.67256758850104,150.80269942786433,174.70804780524358,21.43546614931268,129.4804528543856,156.85861725893182
322,175.40432637210355,17.116876845185235,131.00018190758766,152.33643196320727,174.74111461962977,21.371203324870603,129.18335735548453,157.98814309804243
323,175.6324096403947,17.226272178728344,131.3283492997716,151.91747059463668,174.98943837165768,21.876702211958527,129.802801364126,157.5189260672641
324,176.27089105447905,16.568804155932995,128.5663313471822,154.51643854099189,175.8762079483578,22.194820920379925,130.45361317112008,156.59695157218835
325,176.53887395547213,16.77612367678925,129.18872867107163,152.07421016647066,176.2400982196724,22.054348384502187,129.83230769207137,156.2620752693827
326,176.17355095055194,17.60558779522408,131.58801570959895,149.50506089432872,175.49863552594283,21.719238353271372,129.42406999691985,157.8398200965686
327,175.7494086303666,17.288285397483556,131.57215836447824,149.57723312255362,175.5642977742421,21.75577859354465,129.41122202731805,157.78748760018271
328,175.5005684057034,17.234694478912168,129.74336073256725,154.16450733911262,175.35056315885757,21.762012457678445,128.65195393616938,159.0418380683377
329,175.31266160611221,17.25068069338465,130.2198948960805,154.2294047605303,175.334673810849,21.64401044979625,128.70739108827527,158.87412142562474
330,175.62755947910586,17.19692401448749,130.06999711644613,153.71011938122223,175.29083771917377,21.62244003313088,128.60505598314742,158.25031395101036
331,175.70937796295078,17.332704543082176,131.25696316351997,150.243080336609,175.2580040791611,21.46737198937919,128.53348788252723,157.76220186004076
332,175.92931901578194,17.190235732846947,131.05176090862975,149.90954705537655,175.35545043379105,21.48091897960882,128.24188973410304,158.28476647972803
333,175.77983348542267,17.13766599646865,130.41590577946016,152.0224418637404,175.35229970022226,21.494161818306775,128.29645667650107,160.77534463590496
334,175.9318028382437,17.52705897266199,131.40102313432033,149.33347157068246,175.1188702855773,21.404577071297602,128.11718875077196,158.56904207026227
335,176.46273148409014,17.387294428369596,129.8170822157714,153.66022278769532,175.6764170169757,21.753208612836435,128.65509539585275,159.03061723860213
336,176.60951362917712,17.70787409366275,129.93450449445044,152.7899195562989,175.3982732398633,21.669713293003827,128.1455617110185,159.78763084548956
337,176.0811381086043,17.725831119120723,129.5697045444634,154.13670599060924,175.11425123502454,21.597211986332326,128.46050008698222,158.69688559641511
338,175.4338909383865,17.387081291447274,129.46380643038614,153.75881451335357,175.51399834338838,21.816016760070323,128.501445975458,158.63575212959583
339,175.79110151408815,16.40654418537968,128.21538249617203,154.47960045229576,175.88838369313973,21.688601188348,128.70578050234192,157.97306112396504
340,175.61358591253483,17.00263845757571,129.67034355322969,152.90730442427179,175.8109172913471,21.856507752193643,128.84087404274266,157.6136984199248
341,175.811187353982,17.205029065474964,129.11924862840314,153.24607528809724,175.58025881158974,21.790556073345247,128.164682386825,159.1117108223231
342,175.75564632187152,17.230911072426345,128.24133038677078,155.2312269595785,175.4698306205321,21.91200612200929,127.84305658462276,160.07393991042593
343,175.83768627437308,16.926065330149964,127.83876929024717,155.69799526236395,175.50534259096275,21.48985137743689,127.39794853773557,160.09130471055937
344,176.53399088259843,17.23765303786813,125.84400562696115,159.45288074662008,175.62299203496698,21.60033543874497,126.97141200339917,160.32204119323688
345,176.65711117037023,17.83636917310285,127.38065707689171,156.17777290493115,175.6302243813323,21.35304596777733,126.42979236100425,160.43937382968014
346,176.0541776314181,17.38364972587151,126.98647427556395,155.58568261793172,175.47824754882149,21.423971044670655,126.51238371591197,160.35633095747303
347,176.00594092123026,17.393077614192986,127.25171995495174,155.40141776483532,175.52148103215796,21.335685451955452,126.14106439141307,163.40820681157663
348,175.50448322619292,17.35486150913341,127.07831504739903,156.05823950992416,175.29242997454196,21.182550291149898,126.34585264819472,162.44423520034755
349,175.62159308668134,17.174863919325634,127.1239774594388,156.63499636844563,175.5617426633367,21.286618075324107,127.3004764806324,161.09523714437117
350,176.00649247336239,17.25877416297365,126.31961133570383,159.68279880588918,175.32664714642502,21.234075447866434,126.64502661775686,161.7153278329025
351,176.22095991565166,17.369889725960924,127.38392995183435,158.61648811101637,175.3596327356701,21.117855815368728,126.30542707900062,162.50915001698903
352,177.01009200862617,17.483836176107868,127.0220389185236,158.29915216506822,175.73863623354256,21.437314422234756,126.88405073490622,160.2371301752151
353,176.59555409314598,17.663245561972182,127.14006609841002,158.74707684520197,175.3882424899637,21.417769640129933,126.54292847124691,161.77244024977475
354,176.23038905724337,17.257509727873888,127.78342740998542,156.41587384948716,175.22962913980246,21.15626187541211,126.71819338698029,159.88474880983435
355,176.4060389463769,17.375873239418546,128.94125604787797,153.5803206192199,175.1572142809316,21.34944840109746,127.36715008628303,159.15908476235995
356,176.59708237602084,17.018085247715906,128.6033771932038,154.24840512847558,175.43303846635052,21.318885185064076,127.225225442772,159.70054146133154
357,176.5298160602612,16.96401871766939,129.5225941192925,152.95181050399194,175.83039474130257,21.500121086257145,127.59324072834545,161.50986960233797
358,175.72215253279032,16.949605061877758,131.10493538458155,150.51150918344732,175.46925526883217,21.45298755109016,127.78208013176501,161.90020654992182
359,176.26173946291289,17.417509198429993,129.9046261872829,152.908939411527,175.47789121959718,21.946079925029775,128.21145415619335,161.545690898639
360,176.27638304549575,17.56730569466614,130.83588064226402,150.44227912352264,175.44781900485034,21.935063488633478,128.436498916673,161.1868547426982
361,176.39939517042677,17.61544518500707,132.3726529121229,146.1719001221662,175.14582022722607,21.77785778638616,128.222694339487,161.06074609529733
362,175.4591241076609,16.70551378742072,132.85668969412626,144.41055814039345,174.91489412411227,21.52152982274362,128.47398050490239,158.24204841453758
363,175.69664599840036,16.597761092632126,132.2341092499747,145.69131182573227,175.16512790126845,21.933004548589356,129.6747277000801,159.04678747302174
364,175.1753359669342,16.60602663987494,132.2411882311777,144.19545778245828,174.52122266087434,21.586722525728206,128.92321045125627,159.7966081783184
365,175.27549056005904,16.848221021277553,131.86661169582788,146.16878721985464,174.56670607026643,21.54352910711165,128.09315992675653,161.25175993600885
366,175.3472850119645,16.671485804817237,130.80800496280702,147.84095350564814,174.3367915052595,21.621358748863642,128.2248487635565,160.58760030051255
367,175.36791356058384,16.516695728171076,129.43402280444803,149.65154026822884,173.31984054687888,21.209489359494615,127.36028698847852,159.24896751711907
368,175.36829067659474,16.516972705309197,128.9435830474341,150.74547391768107,173.94395883178137,21.68473816804842,127.08677210391136,161.59384326093078
369,175.4395968962726,16.49906812561967,128.8247308243739,150.77403304386547,173.91837377486974,21.61748989575614,126.95333585084029,161.43617082640674
370,175.6614873370823,16.574920232360093,130.0685672911835,148.7557622362252,174.21396002332943,21.68533619072161,127.16371009252339,161.7811352804297
371,175.60177980856838,16.53334446797237,130.75296637808432,147.61914783020424,174.06447435635016,21.56564863270748,127.30388714200208,161.36540488078157
372,175.80244180061135,16.481542849271314,130.6959483648842,148.0623401603874,174.11806345785297,21.315630754439535,126.64391486796691,162.37903742391956
373,175.69248160666973,16.49606682906881,129.71447069987448,151.31737935413778,173.72805685604936,21.42710001854762,127.07838135090515,162.5287983447778
374,176.18396660968304,16.844038443092217,130.80910718149102,149.06571174792063,173.79681977551536,21.323229373769262,127.40850884526648,162.43983550297116
375,175.3895678299181,16.754409736466933,130.8445682766965,148.95170667809438,173.8059409845929,21.10689942622448,126.77202481029843,163.60018135845687
376,175.33179631249092,16.908161825145967,130.90186142367622,148.59674930081235,173.93681797496365,21.26750481604739,127.23625186616812,162.78419214881706
377,175.6658853435723,16.70595647694428,130.5093725657397,146.84718136271806,174.11237744263744,21.236943336692157,127.30457841094452,160.20433244163797
378,175.6614011846266,16.962067746669213,130.50860098559278,147.32528029938746,174.21514791378377,21.370724844573438,127.73247415106619,162.6481740433639
379,175.62172728715854,17.25303385170909,129.84384913436992,147.9026569897934,174.29417498133267,21.16677978232734,126.95768986345306,162.52514554156292
380,175.18256949568038,16.987768256802276,130.0835549652767,149.61065658936295,174.1554313212811,21.356429875345665,127.72857335190236,161.64253267747134
381,175.25670628217173,17.089723681969932,128.99386714623972,149.97792495190265,174.4681893685866,21.598402013515447,127.84198284962636,158.94753598729596
382,175.78265105905368,16.969388065240896,128.4475666684414,151.2623409902402,174.55972173463326,21.44897108419028,127.81857066335468,158.6469574547707
383,174.62563747930804,16.756087286192173,128.5923196554851,152.37602746948386,174.38029314276247,21.624423340212505,127.34407462758423,162.42760448304486
384,174.86848708208706,16.880975379319295,129.08224283155224,151.8832371368482,174.6316729503802,21.672888355643526,127.29275413088746,162.18127663566452
385,175.30848470559022,16.858292549793276,129.27738433894123,150.41907491033774,174.65309399400545,21.760035450703356,127.2785699092615,162.18315438953138
386,175.8772084374135,16.703610398797924,129.07200440893183,150.66246911752017,174.55147493747688,21.604147395794435,127.3395481034546,161.98775045604464
387,175.70399450034495,16.865168066032066,129.29945392787474,150.34428280312002,174.434448935889,21.482717430760975,127.46646213158684,161.06090208786318
388,175.2445463108499,16.712394012218116,129.72007496379788,149.25623489246288,174.7965420027635,21.44588191518868,127.07069593998912,161.89452128423812
389,175.20748281839556,16.418887267458285,128.3045312020676,152.5572032030037,174.95345582367463,21.6042670447055,127.99797827924232,159.78518596842082
390,175.58836399344216,16.42511198801752,128.23467837278898,149.92606439102,174.64512426422922,21.538954647841884,128.2359791170781,158.87596074648062
391,175.4465299332738,16.55636440817469,128.4507803453445,150.8027085611394,174.64493037225768,21.551762970549294,128.2008554774131,159.54529910094564
392,176.02734311753383,16.104371439837124,126.4757446341066,150.87516051270933,174.87443714353216,21.73521566253873,128.022468111766,160.12074600468725
393,176.0205809103755,16.203738843584187,126.73558023058061,151.45563524777026,174.90649420218764,21.807398023056333,127.74863598975165,160.77923617524405
394,176.46698993525047,16.90660122106094,128.57638578049847,150.25325142513762,175.26568478541586,22.00332852806539,128.23218008529727,161.33772175576783
395,176.64445473101458,16.589043757573247,126.76740436039839,151.88464526399736,175.36415831510834,22.10902351383561,128.27916448218195,162.01021762622415
396,176.45100651597906,16.649654863223137,126.55782962338199,153.15018459049725,175.43343090997152,22.244471036341178,128.67799695824903,160.07677517954434
397,176.4569501702565,17.407108516981022,128.28813422275917,154.15434219227487,175.4556406910456,22.17503446641178,128.23880125522786,160.2162845857808
398,176.09643976536705,16.84147489978538,128.04912922288872,150.04741728194597,175.50481051796103,22.14572912054735,128.141202757,162.0292115118333
399,176.16679384997795,16.749631737765323,128.44359190278095,148.82449174408754,175.62852024945485,22.208505019841645,128.961941338528,160.79994838587862
400,176.2188384547866,16.698979544343803,128.53975337341225,149.59444381419303,175.40226336685043,22.1004701758755,129.32754650735043,158.0907940096946
401,175.6075136073896,16.606212065569114,127.02114322579507,152.38249749776068,175.46157451008233,22.226798620446452,128.7163879212626,159.45699145048152
402,175.44772339270855,16.241478240293745,127.89789415552059,152.42151998884322,175.328595666044,22.341712719404676,128.51685479581724,162.3107650462765
403,175.32134816446714,16.156553949350773,129.68424971627206,149.11234431811124,175.15350689016302,22.00101033377595,128.51234514285775,162.57851376445709
404,174.79489174400578,16.14015900235545,128.60029884867774,150.9940771399472,174.80671719642214,21.717738267066277,127.93026847312856,162.8232710620347
405,174.71360523016554,16.058901862001207,128.5464171763134,150.39321876767843,174.60047754084763,21.474367025343735,128.19999091429352,162.09927219752424
406,174.79034902797446,16.20442778516792,129.50844145471606,148.48114956798057,174.70316233831883,21.627710995599116,128.4989007619526,162.30211880446475
407,174.65245921611955,16.35017468484747,129.26438128022755,148.69996527597797,174.91658913022485,21.31277637119734,128.17496396540616,161.8262952377145
408,174.65431183816733,16.1725215872907,128.95541215828683,148.94662906127706,174.9243693442836,21.365112494935367,128.15452762497466,161.75351176990947
409,175.2994121897477,16.299996352572567,128.05154760123014,150.76675262089995,175.14278574844175,21.632896492973245,128.11731138646908,162.60203455792512
410,175.128734813184,16.329036946630215,127.1383979661708,153.64163573863,175.22362449824263,21.582775811107417,127.8226428096996,161.21275884181202
411,174.84649767309324,16.057796615374656,125.82753421396507,154.30732465123634,174.46004374410623,21.20993153896236,127.81313549657258,160.64577448495797
412,174.92923695891355,16.284997704849992,126.87851789920566,154.00457838567718,174.91335567006334,21.46474303604023,127.79644285154072,163.1881626079837
413,175.3410957795041,16.208494589707758,126.83680609160413,152.57317334900344,175.05512257073374,21.576086177806378,127.83043494856256,160.6737814108673
414,175.33774227728452,15.988396340796847,126.17235518457946,156.9207180730201,175.0920025937984,21.202141574659777,127.30326392399792,160.32578187753427
415,175.46539982564101,15.67913422682365,125.41538142240674,156.16616432000163,175.10743935005667,21.399392167551333,127.39248440426266,161.0486045809764
416,176.21842387152594,15.895203101042117,124.86190104228015,156.6744731828373,175.8693555634718,21.78747700115807,127.99530264080403,161.09168011114343
417,175.42753373348108,15.825863068453193,125.23976434273945,157.86398177595314,176.04112901355393,21.833892845925433,128.4742843378669,160.12232149816964
418,175.74842780664042,15.780094501166197,126.55778263362228,154.6033679776612,175.87302649161987,21.47043771306975,128.52346720328114,159.26001545611282
419,174.83862089032093,15.919653179887533,125.84540202066663,158.34249736186905,176.04474719282612,21.790724546852672,128.4155943311447,159.85246108463502
420,174.6199514636187,15.912152640620354,125.04751241274326,159.49416784752992,176.00460454647913,21.867517598006803,128.14458565369156,160.43637641811202
421,174.9234356813306,16.01402394319077,124.88168290169767,159.2949464872321,176.0208705686477,21.583634700697772,127.8249568635527,160.38759701056082
422,175.16982874786635,15.677583486832532,124.67180903218102,169.33845304341736,176.20587966622594,21.428122591976305,127.19632728492496,160.56243472822985
423,175.07744795431887,15.645203950854182,125.62872302107775,166.26301855834842,176.31934165712883,21.59626137332779,128.2184308663067,159.26619176271242
424,173.77584319016592,15.30921387228242,125.19902273028222,166.46706159227185,176.7191438218695,21.68919752192399,128.14209126821677,159.11459897124539
425,174.5277941893905,15.179100343362965,124.71240138150455,159.17081178047704,176.43057447851277,21.567104324642212,127.98364968255623,159.34236896478438
426,175.0328413205071,15.166559491008732,122.95742350328936,161.74456153163237,176.81347374810102,21.74905777646148,127.9787092103372,160.69084579103696
427,175.02034433925837,15.475918587851066,121.84639704430717,165.70394621297757,177.02102696447602,22.18626731501649,128.13196454597656,161.9712040570775
428,175.60123088651594,16.200527124963084,123.87134162346231,164.4694768940999,177.10394044152707,22.35113271688547,128.1249659601941,162.20649727003752
429,176.01381247143976,16.126507919245206,125.65262617414723,171.85793775450426,176.9615071152917,22.406660874593946,128.18779579432427,162.6933559314927
430,176.97458992810942,16.51205758409517,125.02460408134633,172.88929397829838,176.91141190775193,22.752251225749923,127.99821551362342,162.68484149748073
431,176.4282655150165,16.40839161693084,125.09599334587782,173.80535058210225,176.5976020856966,22.33063230822238,127.53191294742021,162.2439205852935
432,176.72784817198448,16.664650636663815,125.03258145784204,173.61382252103368,176.83316682522727,22.617341366028334,127.93610483985137,161.94510532678277
433,176.69191105775093,16.488837932758333,125.18288970760258,163.27232457314915,176.89001283580458,22.82537641677701,128.03621119600388,162.25612722213765
434,176.08593004998866,16.51096588141814,124.1988830688039,163.61655269408314,177.0673902998825,22.662381325830605,127.56195298082696,161.87447343190064
435,176.34233380787842,16.691316359605196,123.83380922765448,164.00784784379093,177.18928510252417,22.77111319296744,127.43599302598673,161.66650144490436
436,176.2572046683163,16.731478839611203,123.45513140313437,165.18511644929785,177.03346960625063,22.609803356877833,127.4383960044897,162.01844768570365
437,175.81936051150512,17.001315729624988,125.60026300238707,161.1340990711468,176.8728007177987,22.635177721169114,127.6575675075687,161.71421733419743
438,176.263722997828,16.959927530948878,125.49968693684713,162.09684213653284,176.63025638598927,22.290191884780512,127.28608050872685,162.14504340368313
439,175.9816291368093,16.906423112034588,126.49974945538528,159.89771704452943,176.51852227010278,22.255383868238763,126.63879286496646,163.1940054134096
440,175.91113173873586,16.512087003295218,126.17820391704055,160.59024970732588,176.94736110849996,22.12979165574601,126.95638476841793,162.23208393958757
441,175.9437160366826,16.735140876677008,125.58654759420503,161.54123447813782,176.96088029476104,22.079979886144372,126.58358521700112,162.88072493522654
442,176.04732394199132,16.59106891473008,125.39788200516057,162.46546975889407,176.9143203572642,21.739279806301255,125.54881522759544,163.65904397475845
443,175.83798684171379,16.69763113563403,125.48444323786089,162.52391431869557,176.69538233156302,21.828061766093967,125.38402706081365,164.34226274958388
444,176.34605530596332,16.674077676972868,125.10899715250454,163.5307816708648,176.65216216348165,21.817821294175584,125.65098662042999,163.8943842865036
445,175.81574058018467,16.799125188284155,125.41416221205182,162.86711929555557,176.98037141461808,21.706100760518062,125.01767759472,165.1185959092711
446,176.0950403341695,16.635968211669724,124.78732048502704,163.51486459649266,176.2690599195438,21.75164342225557,125.84806560458105,163.98363650956225
447,175.98816622738386,16.48173024461198,123.84042228881108,165.48878271832254,176.08356194283766,21.761795580920303,126.29866597806569,163.24197083060565
448,175.8809966886815,16.554791229976345,125.99527881959179,164.69252873154937,175.95169136726454,22.019301414912835,127.30951162972102,161.27834604347544
449,175.10913627064912,16.65650759240169,125.48120868131087,163.34443506681998,175.9274787029954,21.809380283403208,126.84933980529468,162.72055680619775
450,175.38013595067596,16.19683078253896,126.6589704191561,173.62345963141803,175.36017109581545,21.63334816839145,126.52109026821518,162.18629008686548
451,175.86003386923784,16.269547725664808,127.84588415729618,172.31944836474221,175.5973828045391,21.731088374928337,126.72783140089768,161.92169193242347
452,176.14835168020485,16.16358880574567,128.05640914521965,160.96773360756637,175.361508527301,21.59512823577146,126.24543798640357,162.66453549604043
453,176.27819031712687,16.372382464271855,131.13144419154875,171.61725827239772,175.39811135570466,21.698603714362704,127.03992461914049,160.5678249140213
454,176.41368396807005,16.78930870762937,129.8679841106958,177.04246081274647,175.7107740357868,22.222752434918686,127.72689467496446,160.3945439931881
455,175.58750184281513,16.78594878831818,126.98291487539328,173.24643036202667,175.52988500140117,22.28572375624145,127.88049396682379,160.9188362985366
456,175.27141396465882,16.450538841385764,125.94102257239692,163.27417208452283,175.95965529600403,21.97148084154096,127.46034926357501,160.4230591061581
457,174.73647992703687,16.629741773302346,123.9515933632893,163.4543527286348,175.95775380104365,22.268452248308833,127.77220107040384,161.3073783097786
458,174.5525594876304,16.208953325597268,126.42629317757607,160.43648300929814,175.75785471131525,22.3118897356703,127.90784947876,162.06700748946264
459,174.1279525188295,15.882316536205023,128.4223853631262,157.8429606360019,175.74816533339074,22.01479263322677,126.98076073678374,163.4153151811481
460,173.74682490116498,16.364552751291516,127.5919253054874,158.28036294809044,175.58251120646784,22.146315079122548,127.32234426772942,163.51051140633115
461,173.7640082054618,16.371811186123157,126.4659134619649,162.2702093603399,175.42360761441924,22.024126339102047,127.15917605245065,163.4440755235163
462,174.18947600342594,15.532891856370322,125.93717928692274,161.22779900909148,176.0511834249585,22.317210879614464,128.1569891009355,162.23046632075804
463,173.79011477554607,15.688879399458557,125.57828039707994,162.22261438161243,176.0574838586627,22.48773468231905,128.87010639917358,160.29622002025368
464,173.558203757544,15.632477688047286,125.88241518102362,161.85134584613118,176.3471993878843,22.613222003511417,129.12715399615996,160.75327785861722
465,174.93960430685,16.33546966365907,127.06182026848015,158.54602276473966,175.74468743073356,22.487733907895002,129.56640872258887,160.51922265217092
466,174.7521998017911,16.266354638981326,126.33296878978484,160.64889093001912,175.73757146008055,22.276287420240397,129.19183377632783,161.62278553487178
467,174.84116050417634,15.88186319105179,126.09556740830578,160.47709767597885,175.86631262627924,22.375610618132775,129.28212934198152,161.08606565191772
468,174.7457404756713,16.196147955294066,126.63118496900833,159.67562185115332,175.81431793941744,22.611177580090736,129.5093206800552,161.6614101294248
469,175.0071459419089,16.3087361457784,127.86945855585381,155.830339446108,176.10809342726478,22.700710202171837,130.1466305513529,160.37879383744243
470,174.7804589861595,16.30137381889454,127.97855009261193,156.31787973612464,175.90825389550938,22.695116900388253,129.79792770356997,162.22347848063143
471,174.76104528194296,16.323995891605094,126.83605900436083,156.96927316142455,175.9451309986019,22.42574841206574,129.23567643586796,161.88726110779726
472,174.52098674210526,16.13466554616878,126.96043879543763,158.0774704351445,176.0031564799367,22.109854894977257,128.85506301616184,161.9441329518859
473,174.5311325357311,16.32307530317603,128.12125701409863,155.78274666288905,175.8237059942103,21.855956111629432,129.23360548048527,161.0667416095955
474,174.63346322794283,16.242263169708952,128.869384423374,154.68262956258275,176.2562441806074,22.248715396730134,130.12118854610873,160.50032886898023
475,174.14069860154575,16.093847097069382,128.80808298197988,156.6176417680103,175.80671186683384,22.19048512029745,130.87208913097095,159.47137012789773
476,173.72217403825456,16.143572676210457,128.49137316164536,157.6224578261735,175.74492254979273,22.38872090928062,130.97138543836667,157.9868011810595
477,173.74017355268455,16.183385374478227,128.13088174722176,157.61048457524666,175.71374102590968,22.147746116013685,129.8647551379652,158.65433566857925
478,174.11817522887037,16.5710735756958,129.5200833473227,154.75533910430633,175.71495512052678,22.194054760496165,129.7221535084646,158.43666591374003
479,174.4419502793151,15.956584832308494,128.4446057470777,154.08785010180293,175.5919285154142,22.20659914316982,129.86378906110102,158.32377050639494
480,174.20852268204123,16.59668133848457,129.81937026087098,152.88362127624302,175.41142219339687,22.229414931206872,129.6711585244315,157.4993063917622
481,173.9534870075556,16.269267670785748,131.47718648461534,150.5354739682116,175.5231065970704,22.010481313044885,129.57618133451265,158.0218097189272
482,174.9364907376286,16.686932845908924,131.45173923429147,149.35326015762135,175.7442264780204,22.20273095493934,129.38332949366819,157.97318294092145
483,174.983271782516,16.800375517558933,132.33372439199061,148.07447460716847,175.56903041581805,22.10727712502915,129.25337324391214,157.5372660265075
484,175.00944340982966,16.664252369510457,131.2360536106738,151.13920572459907,175.44251488360317,21.959914735252323,129.56811486939773,159.81254896494033
485,174.91460015834784,16.622368139915537,131.88220205177265,149.9957361111024,175.42250661692657,21.969038423422546,129.5955174415182,157.62347692984622
486,174.4597483295995,16.538901516072944,132.5580900156698,147.35948596899297,175.10549153340233,21.681002390767965,129.47740392914375,156.46590322123316
487,174.44158866615075,16.44434375214606,131.8980842889265,146.62219709394162,175.06543184593244,21.597871992359796,129.7490342292581,156.37678314617267
488,175.0895889502587,16.556562587038407,130.55493236483875,150.23346855381513,175.2752278910655,21.92483062407595,130.16439163464534,156.3682030148598
489,174.9007709366439,16.59766729521991,129.54139658495222,151.62772735751196,175.10333316213047,21.75693604988638,129.40277855042538,157.4060422030462
490,174.731894255563,16.6254027315929,129.10048713642772,153.6798401523929,175.48537383029674,21.689819606076764,129.91156673190125,156.19808056144433
491,175.1695281605969,16.655825494036375,129.70071741088378,152.5603812756575,175.25578015782133,21.66644728004524,129.9632041657427,155.6437249037917
492,174.5122316435353,16.811774928197458,129.9071892521235,150.628211452607,175.31077644055253,21.584640554396987,128.95057019808667,156.52641907134273
493,174.9134351020978,16.80242168830005,127.95564608770422,154.7935375070329,175.3871273947134,21.606989962957705,128.71382519740476,157.5501889888398
494,175.08595084879897,16.841421758612256,127.98107620170015,156.13836495524353,175.38881813796394,21.594074657639684,129.11772904479315,157.72226070054043
495,175.5320140124179,16.62040652030932,126.30516391415793,158.80078344399055,175.69233343377593,21.659172588638178,128.9290287873496,157.37853549596335
496,175.63758181756106,16.789098539115262,126.98904730881222,157.0775334212122,175.48020242749445,21.67190294621296,128.9452168351764,157.38786987224162
497,175.66711165572102,16.662219438212603,125.49692551789559,158.08804687862644,175.4117499636357,21.574489227627954,128.70414608520505,157.61539456345332
498,175.15286909634327,17.0011756622447,128.10546018337357,156.3898991089232,175.2289142588723,21.550078994499945,128.89604692254323,157.47629017298846
499,175.07528392099465,16.852417420168763,128.09345666240583,156.9141777279477,175.12765774864496,21.34323412724614,128.65889702506627,160.06456298593477
500,175.00146945381817,17.11458881049803,128.20844991025012,155.32852346961204,175.6120373915054,22.66550447870349,129.54358394163668,160.23576428539138
501,174.5206788980758,16.893277485834613,128.77186746114612,154.89978944392269,175.13469760786373,22.53327947364888,129.60177566484705,159.9172056787838
502,174.87083195616765,16.97976707749356,129.96755195449376,152.68604793219544,175.28050615902677,22.505551117584066,129.0115907313207,160.51742154097897
503,175.15815926057198,16.823237814884877,130.27160371013545,152.42044430240867,175.14554387604576,22.255449090297788,129.18461927845928,160.8007236160004
504,175.7666812064555,16.6601870108558,130.6627295171743,151.98318216742112,175.15538538291955,22.279417434023554,128.8561552801985,161.61047903307
505,175.80228995351624,16.6386088452613,129.4983533383714,153.44890807421257,175.0837812103001,22.08317160485959,128.665580285609,161.6408338152863
506,175.8815783117299,16.66965805318165,131.4007502280783,149.32481157867147,174.98137275705716,21.9558812882464,128.36298462757387,162.27676474194706
507,175.42188095306625,17.14074573305363,131.34572958761905,149.95392985544387,174.58209034713178,22.108673919578337,128.38119021427508,163.06865275784193
508,175.62504532863196,17.42185205392346,132.189411950393,149.7826876092197,174.30301179383974,21.809153450103093,128.50854602070567,162.72636448815476
509,175.13550236701528,17.520408798845267,132.57824415148153,148.7391534724339,174.09454363785605,21.697687121502607,128.45508807912174,162.47767671972903
510,174.3645209688175,17.302264865714925,133.24081385243656,146.46552964837943,173.98648438884965,21.53094929359704,127.90232028762944,163.1111234656208
511,173.74157800682858,17.48287697601659,133.44789994519542,146.50652439135732,173.2668796571362,21.39042754846764,127.83524243243832,162.52912515447886
512,173.66349211536024,16.716872555988708,132.52914868658306,146.92401646433046,173.1121678154478,21.440221677036213,128.52990824971312,162.44191997164924
513,172.68237697855122,17.232736884732315,133.82220776264452,146.43284772966453,172.90247030891067,21.096718924896393,127.50761292753384,163.34618179336147
514,171.97954679769364,17.221315072225416,134.8531421759495,145.29776029524572,172.8203220954809,21.058099678094287,128.51632242352292,161.56280973995928
515,170.99119063068682,17.42673518203149,135.2189312067466,145.37771072489244,172.24331682794624,20.985114919649774,129.34628290355454,160.28944491635878
516,169.46668595473295,17.23329783756187,136.89078181080745,141.96328672760123,171.0152926057615,20.137892207028568,128.9731624526134,160.95919692961579
517,169.9942265501608,17.46178805886645,136.4328974363609,145.05360243229902,170.05166092784816,19.74600286884319,129.01646925953025,163.74648446320165
518,169.24504968881308,17.00147227259364,135.26187734381384,147.6859525972197,169.3232396008366,19.857877754058396,131.47971025070817,159.03455616524178
519,165.34079520786722,16.958884991094187,137.11536116110662,151.17513582595274,165.42957081709937,18.34968819059758,131.77460755201832,159.67575236602778
520,165.0012475223443,17.588834520319875,141.65324865803626,139.67849708078717,164.72460078904024,18.419743250539696,133.26452556372618,159.21799024799958
521,161.7383204784251,16.99248380816155,137.24280420528837,151.69987507528285,162.72960533911362,18.389969598755123,134.28158352605618,155.60440709498118
522,160.17924608328912,18.935893321830697,138.06422381395058,154.13253345847178,161.65868129684253,19.274244945675886,134.3685245245658,156.03154825543655
523,163.3507701812384,19.036956840214113,148.36747009604602,133.07720410235967,161.89086172510991,19.217862315370414,135.9548085038816,155.15905219327036
524,162.96381809894433,17.808863303707383,145.73756159502025,133.3787271533938,159.49814356388032,18.484534590962426,137.93568891604542,157.18933967448547
525,160.86793382111753,18.816343003927024,142.09971463805854,149.39537377736548,158.58946185618868,19.190314408894817,139.00871072453438,160.8839500915894
526,157.85763056441925,18.80472505003475,142.89487006732227,149.5074547747625,155.13189664156772,17.807085432013405,137.58217729171938,163.21032894527002
527,156.8318558840592,18.025873862209014,142.8804618509712,146.52889272811774,155.01872429994663,17.913032538951082,138.5123167479944,159.20763054910563
528,153.9311581681018,18.068758447280597,142.57723105464558,147.07995005768615,151.15723146442377,17.89947807385668,142.84563752703122,153.14477975406746
529,146.91230215762312,16.599622442489498,143.76333002157065,147.65501233947927,147.0149432314898,18.097674978628543,144.31765962863525,155.9476651005615
530,146.17680483155124,19.40301843909812,146.48144614224998,145.84437564995116,145.6432150361899,18.97523458511275,147.8229865723846,154.38846054971683
531,139.5738542873963,18.94912554154052,147.44851252904286,146.72017448067402,140.45085507902667,15.395089064553611,150.3862155512026,151.02333728099916
532,135.2654315045268,17.12954967939401,149.80373107961825,144.28506953783707,137.63445844245345,11.723325100269786,150.7105564039708,154.617847278989
533,132.04566408321486,16.075848471106113,153.29697775572652,141.71905118856043,135.17296293703774,11.230386736492232,153.54488031584523,149.06442635889016
534,129.8347567515855,16.812416424223056,156.36829539876814,145.1646309192867,132.92337169238812,10.710925366281547,155.46522539669252,148.8239497820192
535,115.09162759221654,7.328460856785244,157.82354006489203,136.70356817887392,126.75563139381431,7.588258527005207,158.80290045573003,147.51254449105087
536,108.69435252611491,2.512790382760047,160.41815640916806,140.43223894132896,117.469405152531,0.05906452292212983,161.68590839126907,155.08248047784537
537,107.50388846448895,2.440992852551936,159.94697750020794,147.36913757939772,117.51496706465258,0.2862658617028424,163.7407778807087,155.90893383018656
538,100.5087587796362,4.055706510945367,158.9471138821867,152.83844853335987,111.29177366533213,1.7008699582242042,164.03414716201993,156.8631476457908
539,95.36085464566544,9.161189282843658,162.4361155338563,151.93121574825278,107.46974077287314,2.106731550970435,169.61760361301828,150.18998323394723
540,91.4810422096871,8.948045689063338,162.07088155000727,153.09657568829653,104.34152666039607,3.863475037784953,168.068224834696,150.7791374115408
541,83.18170313348703,8.170270759027161,168.98551705386652,146.64603450188787,100.17947924264304,3.302925171319089,173.25702360669897,146.70527218644054
542,88.41988254498379,12.800208531405321,170.0637534092491,148.2119475685111,92.75682620557154,11.91003177616584,175.8102173199573,148.40596868092956
543,82.4033124253708,16.085637292179342,174.64263938852517,141.39682013380843,79.37666220097798,23.00454294834543,179.17740200876565,144.96258142389908
544,75.19528114077002,23.38023457032284,177.3697323217608,146.56851089228886,68.14728050604813,31.585808933111707,178.58819073503895,147.88355354131633
